Team,Win Rate ,3PT Shooting Talent,3PT Shot Creation,3PT Shot Making Efficiency,3PT Shot Quality,Assisted Shot Making,Assisted Shooting Talent,Assisted Shot Making Efficiency,Assisted Shot Quality,Assisted FG%,Assisted Padded FG%,C&S 3PT Shot Making,C&S 3PT Shooting Talent,C&S 3PT Shot Making Efficiency,C&S 3PT Shot Quality,C&S 3PT FG%,C&S 3PT Padded FG%,Deep 3PT Shot Making,Deep 3PT Shooting Talent,Deep 3PT Shot Creation,Deep 3PT Shot Making Efficiency,Deep 3PT Shot Quality,Deep 3PT FG%,Deep 3PT Padded FG%,Rim Shot Making,Rim Shooting Talent,Rim Shot Creation,Floater Shot Making,Floater Shooting Talent,Floater Shot Creation,Floater Shot Making Efficiency,Floater Shot Quality,Floater FG%,Floater Padded FG%,Halfcourt Shot Making,Halfcourt Shooting Talent,Halfcourt Shot Creation,Halfcourt Shot Making Efficiency,Halfcourt Shot Quality,Halfcourt FG%,Halfcourt Padded FG%,Midrange Shot Making,Midrange Shooting Talent,Midrange Shot Creation,Midrange Shot Making Efficiency,Midrange Shot Quality,Midrange FG%,Midrange Padded FG%,Off Screen Points,Off Screen Possessions,Off Screen 2FGM,Off Screen 2FGA,Off Screen 3FGM,Off Screen 3FGA,Off Screen Turnovers,Off Screen FT Trips,Off Screen SF Drawn,Overall Shot Making,Overall Shooting Talent,Overall Shot Creation,Overall Shot Making Efficiency,Overall Shot Quality,Pullup 3PT Shot Making,Pullup 3PT Shooting Talent,Pullup 3PT Shot Creation,Pullup 3PT Shot Making Efficiency,Pullup 3PT Shot Quality,Pullup 3PT FG%,Pullup 3PT Padded FG%,Self-Created Shot Making,Self-Created Shooting Talent,Self-Created Shot Making Efficiency,Self-Created Shot Quality,Self-Created FG%,Self-Created Padded FG%,Transition Shot Making,Transition Shooting Talent,Transition Shot Creation,Transition Shot Making Efficiency,Transition Shot Quality,Transition FG%,Transition Padded FG%,Handoff PPP,Isolation PPP,PnR Ball Handler PPP,PnR Roll Man PPP,Post Up PPP,Spot Up PPP,Off Screen PPP,Cut PPP,Putback PPP,Transition PPP,Misc PPP,Handoff Defense PPP,Isolation Defense PPP,PnR Ball Handler Defense PPP,PnR Roll Man Defense PPP,Post Up Defense PPP,Spot Up Defense PPP,Off Screen Defense PPP,Handoff Turnover%,Isolation Turnover%,PnR Ball Handler Turnover%,PnR Roll Man Turnover%,Post Up Turnover%,Spot Up Turnover%,Off Screen Turnover%,Cut Turnover%,Putback Turnover%,Transition Turnover%,Misc Turnover%,Handoff Defense Turnover%,Isolation Defense Turnover%,PnR Ball Handler Defense Turnover%,PnR Roll Man Defense Turnover%,Post Up Defense Turnover%,Spot Up Defense Turnover%,Off Screen Defense Turnover%,Age,Height,Weight,Years of Experience,Defensive Positional Versatility,Defensive Role Versatility,% of Minutes in Foul Trouble,Fouls Committed / 75,Fouls Drawn / 75,Matchup Difficulty,Stable Handoff PPP,Stable P&R Ball Handler PPP,Stable Putbacks PPP,Stable Spot Up PPP,Stable Transition PPP,Drives Per 75 Possessions,Rim Shot Attempts Per 75 Possessions,Unassisted Rim Shot Attempts Per 75 Possessions,Percentage of Shots at Rim Contested,Block Rate on Contests,Rim Contests Per 75 Possessions,Rim Deterrence,Rim Points Saved Per 75 Possessions,Rim dFG% vs Expected,Cuts Per 75 Possessions,Movement Attack Rate,Movement Distance Rating,Movement Scoring Impact Per 75 Possessions,Movement Points Per 75 Possessions,Movement Speed Rating,Off-Ball Screen Possessions Per 75 Possessions,Putback Scoring Impact Per 75 Possessions,Putback per Offensive Rebound,Putbacks Per 75 Possessions,Total Isolation Impact Per 75 Possessions,Total Isolations Per 75 Possessions,Defensive Miles Per 75 Possessions,Deflections Per 75 Possessions,Matchup Adjusted Defensive Feet Per Minute,Passing Lane Defense,Pickpocket Rating,BPM LA-RAPM,Clutch WPA,D-BPM LA-RAPM,D-DPM,D-DRIP,D-LEBRON,D-LEBRON Box Impact,DPM,DRIP,Defensive Impact Luck,LEBRON,LEBRON Box Impact,LEBRON Defensive Points Saved,LEBRON Offensive Points Added,LEBRON WAR,Multi-Year LEBRON,O-BPM LA-RAPM,O-DPM,O-DRIP,O-LEBRON,O-LEBRON Box Impact,Offensive Impact Luck,Stable On-Court DRtg,Stable On-Court Net Rating,Stable On-Court ORtg,Total Impact Luck,delta DRIP,Box Creation,High Value Assists Per 75 Possessions,Potential Assists Per 100 Passes,Role-Adjusted Potential Assists Per 100 Passes,Roll Man Poss Per 75 Possessions,Screen Assists Per 75 Possessions,Roll Man Impact Per 75 Possessions
ATL,0.5,-0.59,0.02,-0.63,0.21,-0.19,-0.45,-0.47,0.42,0.5,0.5,-0.45,-0.84,-0.92,0.45,0.34,0.36,0.13,-0.05,-0.09,-0.05,0.03,0.33,0.33,0.03,-0.1,-0.13,0.43,0.45,0.04,0.23,0.04,0.47,0.47,0,-0.06,0.13,-0.21,-0.03,0.47,0.47,0.36,0.3,-0.03,0.12,0.04,0.46,0.46,421,441,115,234,52,159,27,22,19,0.02,-0.06,0.11,-0.2,-0.01,0.04,-0.14,-0.2,-0.18,0.15,0.35,0.34,0.2,0.12,-0.01,-0.17,0.47,0.47,0.08,-0.02,-0.15,-0.05,0.25,0.59,0.58,0.99,0.96,0.93,1.26,1.01,0.98,0.95,1.35,1.14,1.16,0.61,0.96,0.96,0.91,1.22,0.94,1.01,1.07,0.07,0.1,0.13,0.05,0.08,0.05,0.06,0.06,0.05,0.1,0.55,0.11,0.1,0.15,0.07,0.16,0.07,0.07,24.56,78.3,211.8,4.75,71.16,55.69,1.01,2.79,2.97,-0.04,0.93,0.89,1.11,0.99,1.17,6.94,4,2.35,40.28,9.03,5.94,-0.66,0.04,0.67,0.95,6.77,0,-0.01,1.99,-0.09,0.75,0,46.03,0.95,0,1.24,1.24,1.98,-1.37,2.7,0.36,-0.08,,-0.3,-0.32,-0.8,-1.45,-0.21,0.29,-0.2,0.09,-0.22,-0.04,-14.7,20.77,3.05,0.26,0.22,0.6,0.6,1.24,0.17,0.14,116.57,-0.22,116.35,0.22,-0.36,4.03,2.98,15.61,0.34,0.93,1.58,0.11
BOS,0.695,0.32,0.06,0.23,0.18,0.17,0.17,0.21,0.14,0.47,0.47,0.24,0.53,0.42,0.28,0.39,0.38,0.27,0.27,-0.01,0.32,-0.14,0.36,0.33,0.3,0.17,0.07,0.05,-0.15,-0.29,-0.07,-0.53,0.43,0.43,0.23,0.04,-0.27,0.14,0.3,0.46,0.46,0.09,-0.19,-0.34,0.03,0.14,0.46,0.46,550,533,91,165,105,301,40,33,32,0.24,0.03,-0.27,0.14,0.28,-0.08,-0.06,-0.18,-0.43,-0.04,0.34,0.34,0.19,-0.01,0.07,0.4,0.48,0.48,0.12,-0.05,-0.3,0.06,0.21,0.58,0.59,1.06,0.91,0.96,1.1,1,1.12,1.03,1.32,1.18,1.18,0.56,0.87,0.97,0.91,1.16,1.05,1.03,0.98,0.13,0.1,0.14,0.07,0.11,0.05,0.08,0.07,0.07,0.12,0.56,0.08,0.1,0.11,0.05,0.13,0.05,0.06,27.54,78.65,222.78,7.22,81,59.67,1.64,2.87,2.86,0.16,0.96,0.9,1.13,1.1,1.16,6.85,3.5,2.61,36.24,10.17,5.47,0.5,0.32,-2.29,0.9,10.12,0,0.02,2.14,-0.23,0.92,0.01,46.73,0.68,-0.04,1.27,1.2,1.83,-9.03,2.4,0.37,1.08,,0.68,0.7,-0.23,2.8,0.53,1.61,0.88,0.11,4.95,1.26,23.31,29.1,4.44,1.11,0.4,0.91,1.11,2.15,0.73,0.33,112.74,5.31,118.05,0.44,-0.01,4.43,3.54,16.07,-0.54,0.83,1.34,-0.02
BRK,0.549,0.25,-0.16,0.49,0.19,0.33,0.21,0.43,0.02,0.49,0.49,0.2,0.14,0.39,0.32,0.4,0.38,0.31,0.2,-0.22,0.68,0.55,0.36,0.35,0.09,-0.19,-0.25,0.1,-0.1,-0.41,0.23,-0.61,0.43,0.43,0.55,0.26,-0.24,0.63,-0.1,0.48,0.48,0.55,0.31,-0.18,0.75,-0.36,0.48,0.48,375,355,98,179,50,134,30,20,17,0.59,0.28,-0.25,0.63,-0.11,0.21,0.1,-0.58,0.41,-0.2,0.37,0.35,0.54,0.24,0.73,-0.36,0.49,0.49,0.29,0.15,-0.35,0.33,-0.24,0.56,0.56,1.04,1.07,0.94,1.13,1.02,1.08,1.06,1.25,1.21,1.13,0.6,0.92,0.89,0.91,1.16,0.99,1.04,1,0.11,0.1,0.14,0.09,0.13,0.06,0.08,0.07,0.06,0.11,0.52,0.09,0.08,0.14,0.08,0.11,0.05,0.07,27.25,78.42,215.33,6.24,78.26,57.31,2.77,3.14,2.6,0.2,0.94,0.87,1.12,1.05,1.13,6.59,3.45,2.07,39.85,10.83,5.52,-0.42,0.38,-3.05,0.95,4.31,0,0,1.68,-0.08,0.49,0.04,30.69,0.55,0.06,1.07,1.25,2.09,-4.9,2.82,0.39,-0.03,,0.14,0.09,-0.55,0.33,-0.01,0.09,0.28,0.07,0.56,-0.19,9.73,11.62,3.51,-0.11,-0.16,-0.01,0.83,0.24,-0.18,-0.21,115.32,0.37,115.68,-0.13,0.16,3.09,3.17,14.92,0,0.65,1.42,-0.01
CHA,0.488,-0.59,-0.12,-0.61,-0.27,-0.29,-0.44,-0.6,-0.03,0.46,0.46,-0.32,-0.56,-0.57,-0.36,0.34,0.36,-0.01,-0.21,-0.1,0.07,-0.15,0.31,0.33,-0.12,-0.23,-0.08,-0.16,-0.15,-0.04,-0.61,0.29,0.4,0.4,-0.27,-0.35,-0.02,-0.58,-0.09,0.44,0.44,-0.17,-0.22,-0.07,-0.59,0.02,0.42,0.44,351,431,87,208,43,165,33,33,32,-0.32,-0.38,-0.01,-0.64,-0.02,-0.2,-0.36,-0.41,-0.6,0.16,0.31,0.34,-0.19,-0.25,-0.59,0.04,0.46,0.46,-0.24,-0.29,-0.08,-0.66,0.21,0.55,0.56,1.02,0.9,0.81,1.17,0.94,0.96,0.81,1.3,1.15,1.09,0.5,0.94,1,0.96,1.12,0.94,1.06,1.01,0.12,0.1,0.14,0.07,0.11,0.07,0.08,0.06,0.06,0.11,0.57,0.11,0.08,0.14,0.07,0.12,0.06,0.07,24.7,78.3,207.97,5.21,68.35,54.01,2.35,2.87,2.89,-0.05,0.95,0.82,1.09,0.97,1.11,8.25,4.23,2.48,39.25,10.46,5.75,-0.63,0.3,-2.13,0.96,7.69,0,-0.11,1.94,0.15,0.83,0,54.1,0.94,-0.04,0.7,1.26,2.2,2.58,2.93,0.41,-1.3,,-0.42,-0.11,-0.35,-1.92,-0.17,-0.83,-0.22,0.37,-5.17,-1.1,-13.7,-12.94,1.43,-0.88,-0.88,-0.72,0.13,-3.25,-0.94,-0.44,115.37,-4.58,110.79,-0.07,0.17,3.84,3.5,15.04,-0.92,0.8,1.1,0.03
CHI,0.329,-0.26,-0.34,-0.17,0.57,0.11,-0.29,-0.02,0.13,0.47,0.47,-0.06,-0.22,-0.1,0.76,0.38,0.38,0.22,0.07,-0.41,0.54,0.4,0.36,0.34,0.32,0.22,0.27,0.01,-0.24,-0.27,-0.06,-0.29,0.47,0.47,0.38,0.17,0.04,0.28,-0.17,0.47,0.47,0.51,0.36,0.1,0.46,-0.52,0.45,0.46,208,230,50,113,27,85,18,19,18,0.38,0.18,0.1,0.22,-0.14,-0.03,-0.26,-0.57,-0.27,-0.11,0.32,0.34,0.46,0.29,0.33,-0.1,0.49,0.49,0.15,0.19,0.29,0,-0.08,0.57,0.57,0.92,1.08,0.94,1.11,1.12,1.05,0.9,1.33,1.06,1.16,0.44,0.97,0.81,0.87,1.19,0.94,1.06,0.99,0.12,0.08,0.13,0.09,0.08,0.07,0.08,0.06,0.09,0.1,0.6,0.14,0.12,0.18,0.1,0.12,0.06,0.1,27.53,78.06,213.23,7.84,70.14,54.63,1.85,2.91,2.8,0.28,0.92,0.88,1.11,1.03,1.14,6.17,3.97,2.58,37.08,10.15,5.58,0.09,-0.03,0.18,0.81,4.99,0,0.02,1.41,-0.13,0.39,-0.04,43.23,0.7,0.14,0.99,1.27,2.36,-1.61,3.13,0.42,0.1,,0.6,0.31,-0.52,2.44,0.63,-0.02,0.15,0.19,0.34,0.23,16.02,-10.65,3.38,0.2,-0.51,-0.33,0.67,-2.11,-0.39,0.07,113.59,0.67,114.26,0.26,-0.24,3.59,2.99,15.25,-0.13,1.16,1.32,-0.06
CLE,0.622,0.11,-0.02,0.27,0.06,-0.07,-0.21,-0.34,0.47,0.5,0.5,-0.16,-0.35,-0.29,0.35,0.36,0.37,0.58,0.38,0.08,1.17,-0.12,0.36,0.35,0.37,0.2,-0.21,0.13,0.03,-0.22,-0.02,0.75,0.47,0.47,0.21,0.05,-0.13,0.04,0.2,0.47,0.47,-0.05,-0.16,-0.16,-0.33,0.29,0.45,0.45,328,332,67,127,51,158,24,26,21,0.22,0.03,-0.12,0.04,0.2,0.57,0.48,-0.18,1.15,0.03,0.38,0.36,0.38,0.18,0.36,0.03,0.48,0.48,0.12,-0.06,-0.22,0.03,0.29,0.61,0.59,0.97,0.92,0.98,1.06,0.79,1.02,0.99,1.39,1.17,1.18,0.56,0.9,0.86,0.88,1.22,0.91,1.06,0.9,0.1,0.1,0.13,0.1,0.12,0.06,0.07,0.05,0.07,0.11,0.54,0.14,0.11,0.17,0.06,0.11,0.07,0.06,25.05,77.82,217.26,5.14,71.79,54.08,1.46,2.97,3.18,0.05,0.93,0.89,1.12,0.98,1.18,7.76,4.3,2.38,37.93,9.15,5.61,-0.04,0.38,-2.41,1.48,4.9,0,0.05,2.64,-0.3,0.55,0.02,36.84,0.68,-0.03,1.05,1.27,2.2,-6.83,3,0.35,1.08,,0.91,0.34,-0.19,3.97,0.62,0.61,0.53,-0.04,5.07,0.81,37.18,23.95,4.92,0.82,0.17,0.27,0.71,1.11,0.19,0.14,112.13,4.63,116.75,0.1,0.18,4.55,3.51,15.63,0.57,1.13,1.4,-0.11
DAL,0.463,0.1,-0.26,0.08,0.3,0.09,0.06,0.05,0.14,0.46,0.46,0.08,0.34,0.17,0.29,0.38,0.38,0.01,-0.13,-0.4,0.01,-0.11,0.32,0.33,-0.08,-0.42,-0.49,0.14,-0.13,-0.28,0.35,-0.53,0.49,0.49,0.07,-0.28,-0.67,-0.02,0.41,0.46,0.46,-0.03,-0.36,-0.48,-0.1,-0.02,0.46,0.46,317,273,48,104,57,130,16,29,28,0.05,-0.3,-0.66,-0.06,0.32,-0.01,-0.18,-0.67,0.01,-0.2,0.33,0.34,0,-0.32,-0.1,0.08,0.47,0.47,-0.01,-0.37,-0.56,-0.19,-0.2,0.53,0.55,0.85,1.02,1.03,1.28,1.13,1.09,1.16,1.36,1.21,1.11,0.56,1,0.92,0.94,1.14,0.98,1.06,0.95,0.17,0.07,0.13,0.06,0.1,0.05,0.06,0.05,0.09,0.09,0.52,0.12,0.1,0.13,0.06,0.13,0.06,0.08,27.96,78.32,212.42,7.92,76.08,58.41,2,3.28,3.43,-0.11,0.9,0.89,1.13,1.05,1.12,6.76,3.43,2.13,39.09,8.76,5.98,-0.03,-0.05,0.94,0.69,6.18,0,0.09,1.62,-0.29,0.6,0.03,31.77,0.42,0.27,1.93,1.23,1.84,-8.16,2.45,0.35,-0.21,,-0.42,-0.16,-0.77,-2.2,-0.41,0.52,0.3,0,-0.33,0.34,-16.72,28.82,2.9,0.18,0.21,0.68,1.08,1.86,0.75,0.38,116.45,0.87,117.32,0.38,-0.21,4.58,3.31,14.42,-1.24,0.87,1.31,0.13
DEN,0.646,0.24,-0.14,0.47,0.2,0.24,0.24,0.24,0.49,0.51,0.5,0.19,0.15,0.42,0.34,0.39,0.38,0.1,-0.08,-0.24,0.27,-0.57,0.33,0.33,-0.03,-0.18,-0.33,-0.32,-0.49,-0.3,-0.93,-0.49,0.35,0.35,0.12,-0.11,-0.29,-0.02,0.24,0.47,0.47,-0.19,-0.38,-0.38,-0.55,-0.43,0.41,0.43,369,372,78,158,60,168,28,19,18,0.13,-0.09,-0.28,-0.03,0.32,0.2,0.12,-0.42,0.46,0.11,0.37,0.35,-0.03,-0.22,-0.27,-0.01,0.46,0.46,0.05,0.04,-0.28,-0.06,0.39,0.58,0.57,0.87,0.92,0.83,1.29,1.09,1.06,0.99,1.39,1.16,1.21,0.44,0.98,0.98,0.9,1.21,0.98,1.02,0.99,0.09,0.12,0.17,0.06,0.13,0.06,0.08,0.05,0.05,0.12,0.58,0.12,0.07,0.17,0.06,0.1,0.07,0.08,27.08,78.8,227.11,7.73,71.31,56.98,1.25,2.81,2.94,0.05,0.89,0.83,1.12,1.04,1.19,5.3,4.45,2.44,37.75,10.71,5.74,-0.06,-0.21,2.23,1.52,8.65,0,0.06,2.75,-0.26,0.59,0.05,54.06,0.98,-0.05,0.83,1.22,2.04,-8.65,2.83,0.32,0.45,,0.06,0.28,-0.42,0.17,0.06,0.8,0.42,0.16,2.36,0.4,7.04,33.86,3.9,0.42,0.39,0.52,0.84,2.19,0.33,0.01,114.7,3.3,117.99,0.18,-0.28,5.05,3.79,14.85,-0.71,0.98,1.38,0.13
DET,0.207,-0.38,-0.18,-0.45,0.13,-0.15,-0.45,-0.35,0.08,0.46,0.47,-0.19,-0.36,-0.32,0.11,0.35,0.37,-0.1,-0.35,-0.38,-0.45,-0.15,0.29,0.32,-0.22,-0.37,-0.01,-0.28,-0.39,-0.21,-0.83,-0.37,0.38,0.38,-0.36,-0.44,0,-0.68,-0.12,0.43,0.44,-0.28,-0.32,0,-0.7,-0.17,0.42,0.43,372,352,67,148,59,150,26,32,28,-0.36,-0.45,-0.01,-0.63,-0.09,-0.21,-0.38,-0.41,-0.63,0.22,0.32,0.34,-0.36,-0.4,-0.79,-0.14,0.44,0.45,-0.05,-0.28,-0.27,-0.11,0.22,0.59,0.58,0.82,0.84,0.83,1.17,0.85,1,1.06,1.26,1.15,1.14,0.53,1.04,1.02,0.97,1.19,1.07,1.04,0.9,0.17,0.11,0.15,0.07,0.13,0.06,0.07,0.06,0.06,0.13,0.54,0.08,0.1,0.14,0.06,0.1,0.05,0.1,24.13,78.47,217.55,4.51,75.42,55.9,2.49,3.43,3.27,-0.24,0.91,0.82,1.08,0.99,1.14,7.26,3.77,2.35,40.17,6.89,6.03,-0.38,0.12,-0.6,1.1,4.12,0,0.06,2.01,-0.06,0.54,-0.01,41.76,0.94,-0.08,0.99,1.25,1.96,-2.67,2.62,0.39,-1.75,,-0.73,-0.66,-0.88,-3.35,-0.69,-1.49,-0.95,-0.17,-7.82,-1.48,-25.14,-27.9,0.61,-1.44,-1.03,-0.82,-0.07,-4.47,-0.79,0.04,118.32,-6.28,112.04,-0.13,0.16,3.67,3.2,15.37,-0.51,0.79,1.38,0.01
GSW,0.537,0.83,-0.17,0.97,-0.62,0.6,0.85,0.62,-0.16,0.48,0.48,0.5,0.8,0.82,-0.75,0.39,0.38,0.58,0.91,-0.09,0.93,-0.01,0.37,0.35,-0.03,-0.23,-0.39,-0.34,-0.62,-0.73,-0.73,-0.03,0.38,0.38,0.38,0.11,-0.51,0.31,0.25,0.47,0.46,-0.18,-0.49,-0.65,-0.46,-0.19,0.43,0.44,986,958,108,270,226,559,87,60,57,0.43,0.13,-0.51,0.34,0.2,0.57,0.47,-0.4,1.15,-0.42,0.38,0.36,0.08,-0.19,0.01,0.2,0.47,0.47,0.28,0.13,-0.5,0.29,-0.21,0.56,0.56,1.01,0.9,0.96,1.12,0.84,1.09,1.03,1.33,1.07,1.12,0.45,0.96,0.9,0.88,1.15,0.95,1.05,1.08,0.1,0.13,0.16,0.08,0.18,0.06,0.09,0.06,0.08,0.14,0.59,0.08,0.11,0.14,0.08,0.1,0.05,0.06,27.41,77.57,210.68,7.54,75.49,59.44,2.56,3.13,2.67,0.12,0.94,0.86,1.03,1.07,1.11,5.34,3.07,2.16,36.16,7.64,5.35,0.75,0.23,-1.43,1.64,20.21,0,0.14,3.93,0.05,1.68,-0.07,45.91,0.76,-0.04,0.64,1.19,2.17,-6.39,2.82,0.43,-0.01,,0.39,0.29,-0.27,1.57,0.07,0.74,0.76,-0.07,0.09,0.5,13.21,-6.14,2.9,0.08,-0.4,0.45,1.03,-1.48,0.44,0.62,114.78,1.82,116.6,0.55,-0.04,4.69,3.8,17.06,2.97,0.57,1.62,-0.03
HOU,0.268,-0.31,0.05,-0.59,-0.31,-0.39,-0.67,-0.94,0.19,0.45,0.45,-0.33,-0.52,-0.79,-0.2,0.33,0.36,-0.28,-0.39,-0.2,-0.79,0.37,0.3,0.32,-0.38,-0.22,0.46,-0.09,-0.28,-0.44,-0.36,0.07,0.43,0.43,-0.4,-0.41,0.09,-0.79,0.14,0.44,0.44,-0.33,-0.45,-0.16,-0.76,-0.11,0.41,0.43,137,178,25,70,21,80,18,15,13,-0.43,-0.44,0.12,-0.83,0.16,0.01,0.01,-0.22,-0.15,-0.18,0.33,0.34,-0.24,-0.24,-0.63,0.44,0.46,0.46,-0.2,-0.27,0.11,-0.68,0.39,0.58,0.58,0.91,0.97,0.84,1.08,0.99,0.98,0.77,1.16,1.1,1.07,0.51,1.03,0.91,0.99,1.17,1.09,1.03,1.03,0.1,0.09,0.16,0.08,0.16,0.07,0.1,0.06,0.08,0.13,0.54,0.11,0.08,0.13,0.07,0.13,0.05,0.07,21.06,79.1,215.93,2.27,73.08,58.99,4.09,3.18,3.14,-0.14,0.9,0.82,1.08,0.98,1.1,7.62,4.71,3.53,38.25,9.38,5.88,0.04,0,0.17,1.19,2.98,0,-0.09,1.56,-0.29,0.23,-0.07,48.94,1.18,0.01,1.19,1.21,2.13,-8.22,2.77,0.49,-1.62,,-0.85,-0.62,-0.72,-3.75,-0.48,-1.09,-0.45,-0.16,-7.25,-1.15,-37.73,-22.88,1.06,-1.35,-0.78,-0.47,0.28,-3.5,-0.67,0.16,119.34,-6.66,112.68,0,0.35,3.63,3.13,13.71,-1.52,0.99,1.15,-0.08
IND,0.427,0.21,-0.07,0.2,0.07,0.13,0.09,-0.11,-0.04,0.46,0.46,-0.04,-0.03,-0.15,0.1,0.36,0.37,0.18,0.18,-0.27,0.39,0.06,0.34,0.34,0.06,0,0.11,0,-0.13,-0.27,-0.08,0.03,0.44,0.44,0.07,-0.1,-0.11,-0.16,0.05,0.45,0.45,-0.15,-0.32,-0.26,-0.47,-0.09,0.43,0.44,264,303,43,104,48,154,30,20,20,0.12,-0.05,-0.13,-0.12,0.11,0.39,0.36,-0.56,0.8,0.23,0.38,0.36,0.07,-0.1,-0.11,0.2,0.47,0.48,0.2,0.21,-0.28,0.08,0.15,0.57,0.56,0.99,0.89,0.91,1.08,1,1.01,0.87,1.32,1.11,1.18,0.58,1,0.94,0.9,1.2,1.03,1.08,1,0.13,0.08,0.14,0.07,0.13,0.07,0.1,0.06,0.1,0.11,0.51,0.12,0.07,0.17,0.08,0.12,0.05,0.11,24.91,77.69,208.93,4.4,75.93,56.05,1.08,3.06,2.99,0.09,0.96,0.87,1.1,1.02,1.16,8.25,4.15,2.6,41.2,9.84,6.25,-0.67,0.39,-2.61,0.87,7.37,0,-0.03,1.6,0.16,0.51,-0.02,46.3,0.75,-0.04,0.67,1.29,2.16,7.8,2.93,0.36,-0.66,,-0.49,-0.57,-0.68,-2.67,-0.59,-0.88,-0.24,-0.09,-3.16,-0.72,-22.88,1.35,1.96,-0.55,-0.16,-0.31,0.44,-0.49,-0.13,0.08,117.66,-2.52,115.14,-0.02,0.31,4.44,3.82,14.21,-0.92,1.02,1.08,-0.07
LAC,0.537,0.14,-0.11,0.35,-0.02,0.2,-0.06,0.23,-0.01,0.47,0.47,0.17,0.14,0.33,0.09,0.39,0.38,-0.02,-0.18,-0.28,-0.34,-0.11,0.31,0.32,-0.1,-0.22,0.16,0.08,-0.14,-0.35,-0.04,-0.04,0.47,0.47,0.25,0.11,0.04,0.16,-0.1,0.46,0.46,0.18,0.06,0.02,0.02,-0.1,0.45,0.46,373,396,90,187,50,149,38,27,25,0.26,0.1,0.05,0.17,-0.12,0.15,-0.01,-0.29,0.15,-0.32,0.35,0.35,0.18,0.07,0.04,-0.07,0.48,0.48,0.1,-0.04,-0.07,0.14,-0.09,0.57,0.57,0.88,0.89,0.95,1.17,1.05,1.12,0.94,1.33,0.99,1.13,0.56,1.03,0.96,0.9,1.13,0.89,1.04,1.02,0.11,0.1,0.14,0.12,0.1,0.04,0.1,0.07,0.1,0.13,0.54,0.1,0.09,0.13,0.07,0.15,0.06,0.04,30.24,78.68,218.76,10.29,76.9,59.82,1.89,2.91,3.21,0.18,0.89,0.89,1.07,1.06,1.12,7.78,4.11,2.94,38.24,11.32,5.65,0.11,0.17,-0.35,1.01,3.68,0,0.03,1.83,-0.25,0.52,-0.07,41.99,0.83,-0.09,1.66,1.21,2.26,-6.5,2.92,0.41,0.33,,0.18,0.35,-0.42,0.66,0.08,0.38,0.4,-0.19,1.39,0.16,8.39,5.96,3.09,0.26,0.16,0.04,0.82,0.73,0.08,0.01,116.07,-0.89,115.18,-0.17,-0.41,4.34,3.69,16.44,-0.69,0.62,1.45,0.02
LAL,0.524,-0.37,-0.24,-0.41,0.24,-0.04,-0.07,-0.18,0.3,0.49,0.49,-0.25,-0.35,-0.39,0.17,0.36,0.37,-0.11,-0.28,-0.37,-0.41,-0.01,0.31,0.32,0.35,0.25,-0.16,0.06,-0.18,-0.49,-0.04,-0.04,0.46,0.46,0,-0.17,-0.25,-0.19,0.15,0.47,0.47,0.12,-0.06,-0.26,-0.06,-0.14,0.45,0.45,220,242,38,96,38,106,23,21,20,0.04,-0.13,-0.22,-0.15,0.23,-0.05,-0.24,-0.51,-0.3,0.19,0.34,0.34,0.1,-0.08,-0.11,0.11,0.48,0.48,0.14,0.17,-0.02,-0.03,0.46,0.61,0.6,0.97,0.86,0.88,1.27,0.99,1.04,0.91,1.33,1.16,1.13,0.6,0.89,1,0.9,1.11,1.07,1.01,0.85,0.1,0.08,0.17,0.05,0.09,0.05,0.1,0.06,0.07,0.13,0.5,0.08,0.09,0.1,0.06,0.14,0.05,0.07,26.41,78.26,210.5,7.48,71.43,57.55,1.6,2.56,2.98,-0.01,0.91,0.88,1.07,1.02,1.16,5.5,3.92,2.22,37.79,8.84,5.65,-0.01,0.2,-1.56,1.16,9.23,0,0.07,2.17,-0.17,0.63,0.03,41.42,0.84,-0.01,1.07,1.21,1.94,-4.56,2.65,0.28,0.02,,-0.08,-0.08,-0.59,-0.89,-0.06,0.01,0.06,0.33,-0.47,0.04,-7.31,10.59,2.77,-0.01,0.1,0.1,0.66,0.41,0.09,-0.04,114.99,0.45,115.44,0.3,0.22,4.1,3.25,15.74,-0.89,0.96,1.19,0.09
MEM,0.622,-0.29,-0.21,-0.44,0.39,-0.01,-0.12,-0.18,0.11,0.47,0.47,-0.15,-0.23,-0.33,0.28,0.36,0.37,-0.23,-0.44,-0.27,-0.73,0.15,0.29,0.32,0.29,0.19,0.05,0.31,0.42,0.11,0.06,0.04,0.45,0.45,0.01,-0.12,-0.11,-0.18,-0.03,0.46,0.46,0.25,0.12,-0.07,0.12,-0.23,0.45,0.45,345,354,56,129,66,180,26,27,26,0.07,-0.05,-0.06,-0.12,-0.02,-0.16,-0.34,-0.56,-0.61,0.81,0.33,0.34,0.11,0,-0.06,-0.13,0.47,0.47,0.25,0.37,0.16,0.24,-0.29,0.56,0.56,0.96,0.84,0.88,1.24,0.99,0.99,0.97,1.35,1.12,1.14,0.55,0.96,0.84,0.83,1.2,0.99,1,1.02,0.1,0.11,0.12,0.06,0.13,0.07,0.07,0.03,0.06,0.11,0.51,0.11,0.14,0.14,0.06,0.16,0.06,0.09,24.26,78.24,218.67,4.47,71.93,56.09,2.47,2.98,3.05,-0.37,0.94,0.85,1.13,1.01,1.15,7.11,4.41,2.77,39.03,9.62,5.95,0.15,0.71,-5.23,1.12,8.24,0,0.04,2.17,-0.07,0.72,0,48.57,0.99,-0.06,0.71,1.28,2.15,4.47,2.93,0.39,0.37,,0.11,0.41,-0.44,0.37,0.36,0.66,0.39,0.4,1.8,0.49,4.16,18.5,3.08,0.28,0.26,0.25,0.83,1.43,0.13,-0.12,112.8,3.19,115.99,0.29,-0.08,4.37,3.44,16.07,0.75,0.74,1.51,0.07
MIA,0.537,-0.05,-0.04,-0.19,-0.45,-0.18,-0.22,-0.42,-0.23,0.45,0.45,-0.15,-0.16,-0.33,-0.56,0.35,0.36,-0.23,-0.32,-0.16,-0.86,-0.36,0.29,0.31,-0.13,-0.38,-0.26,0.2,0.1,-0.28,0,0.49,0.46,0.46,0.01,-0.12,-0.17,-0.2,-0.07,0.45,0.45,0.06,-0.06,-0.14,-0.21,0.47,0.46,0.46,314,354,58,125,53,195,15,24,23,-0.01,-0.16,-0.19,-0.23,-0.09,0.12,0.07,-0.39,0.16,-0.19,0.35,0.35,0.17,-0.03,0.05,-0.1,0.47,0.47,-0.02,-0.28,-0.38,-0.23,0.12,0.56,0.57,0.87,0.97,0.93,1.09,0.94,1.04,0.89,1.26,1.15,1.15,0.56,1,0.91,0.88,1.12,1.02,1.04,1.02,0.1,0.08,0.15,0.06,0.13,0.06,0.04,0.07,0.05,0.12,0.55,0.14,0.13,0.19,0.09,0.16,0.07,0.06,27.91,77.45,218.44,7.29,79.47,56.56,1.6,2.81,3.11,0,0.89,0.89,1.1,1.03,1.13,6.93,3.2,2.01,33.62,7.31,4.98,0.78,-0.29,3.24,1.22,11.13,0,-0.02,2.13,-0.09,0.65,0.02,35.34,0.68,0.03,1.1,1.27,2.25,-6.01,3.01,0.45,0.54,,0.81,0.35,-0.41,4.01,0.34,0.31,0.35,-0.43,3.08,0.14,31.91,-0.48,3.78,0.63,-0.26,-0.04,0.76,-0.93,-0.2,0,114.29,0.09,114.39,-0.44,-0.12,3.69,3.22,15.64,-1.07,0.99,1.4,-0.09
MIL,0.707,0.17,0.09,0.06,0.16,0.24,0.2,0.23,-0.17,0.46,0.47,0.09,0.24,0.11,0,0.38,0.37,-0.15,-0.06,-0.17,-0.38,0.75,0.32,0.33,0.6,0.35,-0.07,-0.05,-0.32,-0.54,-0.26,0.07,0.45,0.45,0.33,0.14,-0.2,0.25,0.06,0.47,0.47,0.29,0.1,-0.11,0.3,0,0.47,0.47,201,216,27,64,42,121,23,12,12,0.37,0.16,-0.18,0.29,-0.03,-0.04,-0.07,-0.4,-0.16,0.65,0.35,0.35,0.32,0.12,0.27,0.07,0.49,0.49,0.28,0.15,-0.17,0.34,-0.47,0.54,0.56,0.89,0.8,0.93,1.22,1,1.07,0.93,1.3,1.15,1.12,0.54,1,1,0.92,1.04,0.98,0.98,0.99,0.12,0.11,0.16,0.05,0.12,0.06,0.11,0.07,0.09,0.11,0.53,0.08,0.09,0.1,0.05,0.11,0.05,0.06,30.11,79.27,224.18,9.65,70.37,52.32,1.35,2.72,2.81,-0.1,0.9,0.87,1.13,1.04,1.13,6.6,3.78,2.35,35.38,8.7,5.42,0.81,0.54,-3.57,0.9,5.94,0,-0.03,1.46,-0.06,0.31,0.04,35.91,0.76,-0.14,1.01,1.24,1.82,-0.2,2.37,0.38,0.71,,0.34,0.87,-0.08,1.51,0.5,1.22,0.64,0.32,3.89,0.82,20.56,28.64,3.94,0.85,0.37,0.35,0.72,2.38,0.32,-0.17,112.85,3.52,116.37,0.15,-0.03,4.63,3.51,16.8,1.36,1.09,1.04,0.06
MIN,0.512,0.05,-0.08,0.03,0.13,0.17,-0.1,0.08,0.19,0.49,0.49,0.13,-0.01,0.14,0.07,0.38,0.38,0.01,-0.08,-0.23,-0.03,-0.03,0.32,0.33,0.4,0.32,0.16,-0.15,-0.25,-0.21,-0.42,0.16,0.42,0.42,0.15,-0.02,0.02,0.05,0.17,0.47,0.47,-0.1,-0.2,-0.05,-0.31,0.43,0.46,0.45,376,414,79,167,58,185,40,30,29,0.21,0.03,0.02,0.12,0.14,0,-0.1,-0.34,-0.27,0.67,0.34,0.34,0.15,0.01,0.05,0.32,0.49,0.48,0.27,0.2,-0.12,0.28,-0.15,0.59,0.58,0.96,0.89,0.94,1.18,0.95,1.05,0.91,1.34,1.19,1.16,0.51,1.01,0.92,0.91,1.19,0.98,0.98,0.93,0.13,0.1,0.14,0.08,0.15,0.08,0.1,0.06,0.06,0.13,0.58,0.11,0.11,0.15,0.09,0.11,0.07,0.08,26.23,78.63,217.31,6.7,71.84,57.89,2.59,3.26,3,0.31,0.93,0.87,1.12,1.02,1.14,7.43,4.24,2.75,39.34,11.66,5.88,-0.1,0.29,-1.76,0.94,8.77,0,-0.01,1.91,-0.06,0.68,0.03,37.27,0.69,-0.08,1.08,1.25,2.37,0.57,3.07,0.49,-0.35,,0.28,0.63,-0.15,0.71,0.08,0.44,0.31,0.08,-1.39,-0.13,13.34,-9.35,2.79,-0.01,-0.63,-0.18,0.45,-2.1,-0.21,0.25,114.86,0.22,115.07,0.33,-0.05,3.95,3.63,14.52,-0.73,0.7,1.24,0.02
NOP,0.512,0.01,-0.39,0.15,-0.01,0.15,0.02,0,-0.23,0.46,0.46,0.13,0.18,0.15,-0.18,0.37,0.37,0.29,0.24,-0.52,0.6,0.31,0.35,0.35,0.26,0.14,0.11,0.38,0.3,-0.05,0.29,-0.39,0.46,0.46,0.23,0.02,-0.15,0.08,-0.28,0.45,0.45,0.21,0.07,-0.08,0.04,-0.43,0.44,0.45,364,378,68,161,59,174,18,33,27,0.28,0.07,-0.13,0.11,-0.22,0.06,-0.18,-0.56,0,-0.09,0.35,0.35,0.27,0.08,0.18,-0.28,0.48,0.48,0.26,0.28,-0.11,0.21,-0.07,0.57,0.57,0.93,0.89,0.9,1.13,0.97,1.07,0.96,1.28,1.17,1.13,0.47,0.98,0.94,0.87,1.14,0.91,1.02,0.85,0.13,0.13,0.14,0.05,0.17,0.05,0.05,0.08,0.06,0.12,0.58,0.11,0.1,0.18,0.08,0.16,0.06,0.09,25.96,78.71,214.43,5.61,71.75,55.8,1.37,3.1,3.09,0.08,0.92,0.87,1.13,1.04,1.12,7.32,4.21,2.74,37.02,9.66,5.44,0.16,-0.25,2.48,1.21,4.91,0,-0.05,2.08,-0.04,0.57,0.03,50.98,0.98,-0.04,0.87,1.27,2.47,0.42,3.32,0.41,0.09,,0.22,0.25,-0.35,0.53,0.26,0.28,0.54,0.3,0.14,0.05,-2.35,3.35,2.71,0.14,-0.13,0.03,0.88,-0.39,-0.21,0.05,114.15,1.19,115.34,0.35,0.39,4.32,3.44,15.3,0.22,0.76,1.25,-0.03
NYK,0.573,-0.16,0.12,-0.21,-0.17,0.05,-0.17,-0.18,0.04,0.46,0.46,-0.06,-0.15,-0.24,-0.11,0.36,0.37,-0.32,-0.55,-0.07,-1.03,-0.2,0.26,0.31,0.23,0.09,0.14,0.7,0.63,0.2,0.56,0.03,0.48,0.48,0.28,0.16,0.08,0.09,-0.16,0.45,0.45,0.4,0.26,0.04,0.34,-0.24,0.46,0.46,173,191,33,65,30,99,19,13,11,0.26,0.14,0.1,0.06,-0.15,0.02,-0.06,-0.05,-0.07,-0.17,0.33,0.34,0.34,0.23,0.23,-0.16,0.48,0.48,0.05,0.03,0.07,-0.1,-0.06,0.57,0.57,0.99,1,0.94,1.23,0.87,1.03,0.91,1.35,1.13,1.15,0.59,0.97,0.93,0.94,1.13,0.91,1.04,0.99,0.09,0.1,0.11,0.04,0.14,0.05,0.1,0.06,0.09,0.11,0.47,0.12,0.07,0.12,0.07,0.1,0.05,0.06,24.77,78.06,218.31,4.97,68.8,52.73,1.88,3.1,3.12,0.2,0.96,0.88,1.13,1.02,1.13,8.14,4.12,2.55,35.61,7.08,5.39,0.23,0.21,-1.49,0.97,4.44,0,0.02,1.6,-0.12,0.31,-0.02,43.93,1,0.09,1.43,1.26,1.73,-2.91,2.37,0.35,0.45,,-0.01,-0.02,-0.61,-0.46,0.12,0.66,0.27,0.3,1.85,0.51,-8.59,30.86,3.84,0.35,0.45,0.68,0.88,2.32,0.39,0.3,115.54,2.66,118.2,0.6,0.11,4.17,3.36,15.06,-0.77,0.42,1.07,0.04
OKC,0.488,-0.34,-0.26,-0.39,0.42,-0.17,-0.34,-0.32,0.11,0.46,0.46,-0.21,-0.19,-0.2,0.03,0.36,0.37,-0.16,-0.27,-0.42,-0.46,0.74,0.33,0.33,-0.25,-0.21,0.28,0.05,-0.02,-0.06,-0.06,0.27,0.43,0.43,-0.22,-0.29,-0.03,-0.53,0.12,0.45,0.45,-0.01,-0.1,-0.01,-0.28,0.39,0.45,0.45,220,202,36,63,44,117,13,10,10,-0.18,-0.24,-0.02,-0.45,0.1,-0.12,-0.34,-0.59,-0.73,1.12,0.33,0.34,-0.09,-0.14,-0.43,0.25,0.47,0.48,0.13,0.17,0.04,0.05,-0.2,0.58,0.58,1.05,0.99,0.91,1.07,1,0.99,1.09,1.28,0.99,1.14,0.57,0.93,0.91,0.88,1.1,1.02,1.04,0.96,0.1,0.09,0.14,0.06,0.12,0.07,0.06,0.06,0.07,0.1,0.45,0.15,0.12,0.15,0.09,0.15,0.07,0.09,22.65,78.14,206.19,2.94,77.54,56.85,3.32,3.09,3.03,-0.34,0.95,0.88,1.06,0.99,1.14,9.81,4.55,3.26,40.81,7.98,5.99,0,0.15,-0.96,1.17,6.81,0,0.02,1.86,0.18,0.33,-0.11,48.24,0.83,0.07,1.33,1.27,2.19,6,2.96,0.45,0.27,,0.19,-0.34,-0.79,0.83,-0.09,-0.42,-0.2,-0.23,1.47,-0.08,6.17,16.33,3.22,-0.08,0.08,-0.07,0.59,0.64,0.01,-0.05,115.1,0.32,115.42,-0.28,0.57,4.16,3.41,16.87,1.5,0.75,0.89,-0.09
ORL,0.415,-0.36,-0.24,-0.46,0.11,-0.02,-0.23,-0.19,-0.08,0.46,0.47,-0.15,-0.23,-0.24,0.07,0.36,0.37,-0.16,-0.38,-0.39,-0.44,0.2,0.3,0.32,0.18,0.07,0.1,0.04,-0.12,-0.1,-0.11,-0.4,0.44,0.44,0.02,-0.11,-0.03,-0.16,-0.14,0.46,0.46,0.2,0.09,0,0.11,-0.38,0.45,0.45,242,250,51,117,40,105,16,15,12,0.02,-0.12,-0.02,-0.16,-0.17,-0.21,-0.43,-0.65,-0.81,-0.17,0.3,0.33,0.05,-0.06,-0.11,-0.24,0.47,0.47,0.02,-0.07,-0.05,-0.02,-0.32,0.55,0.57,0.84,0.82,0.91,1.09,0.98,1,0.97,1.35,1.23,1.12,0.6,0.82,0.94,0.9,1.3,0.99,1.03,0.9,0.1,0.12,0.16,0.08,0.14,0.07,0.06,0.07,0.07,0.12,0.5,0.14,0.08,0.17,0.06,0.08,0.07,0.08,22.5,79.9,223.96,3.45,76.1,57.45,2.6,3,3.14,0.13,0.89,0.87,1.14,0.98,1.11,7.89,4.17,2.88,35.47,10.07,5.12,0.47,0.01,0.5,0.94,6.17,0,0.07,1.63,0.04,0.35,0.09,54.39,0.93,-0.15,1.11,1.3,2.12,5.5,2.85,0.4,-0.37,,0.42,-0.21,-0.71,1.82,0.2,-0.7,-0.82,-0.12,-1.5,-0.31,14.28,-14.93,2.53,-0.5,-0.79,-0.49,-0.11,-3.32,-0.5,0.12,115.01,-1.84,113.18,-0.01,-0.15,3.91,3.36,15.97,-0.43,0.68,1.14,-0.07
PHI,0.659,0.37,-0.06,0.63,-0.06,0.57,0.38,0.73,-0.11,0.49,0.49,0.34,0.32,0.68,0.15,0.4,0.39,0.23,0.1,-0.37,0.39,-0.32,0.35,0.34,0.2,0.04,0.04,0.18,-0.03,-0.28,0.25,-0.55,0.45,0.45,0.46,0.25,-0.08,0.46,-0.14,0.47,0.47,0.32,0.13,-0.12,0.31,-0.08,0.47,0.46,153,183,20,49,34,112,17,7,7,0.55,0.28,-0.1,0.55,-0.14,0.18,0.11,-0.4,0.36,-0.37,0.35,0.35,0.27,0.09,0.23,-0.14,0.48,0.48,0.44,0.26,-0.37,0.73,-0.02,0.61,0.6,1,1.04,0.9,1.21,1.11,1.13,0.84,1.28,1.13,1.21,0.52,0.87,0.93,0.93,1.11,1.07,0.99,0.88,0.09,0.09,0.15,0.09,0.1,0.05,0.09,0.08,0.09,0.11,0.56,0.11,0.12,0.15,0.08,0.11,0.07,0.08,28.09,78.29,223.94,8.04,73.51,54.43,1.98,3.23,3.07,0.23,0.94,0.84,1.09,1.08,1.16,6.75,3.99,2.49,35.13,10.33,5.3,0.26,-0.08,1.3,0.84,4.98,0,-0.06,1.27,-0.26,0.29,-0.02,46.37,0.72,0.19,1.79,1.25,2.06,-5.06,2.79,0.45,0.33,,0.09,0.35,-0.36,-0.01,0.17,0.92,0.35,0.24,1.51,0.48,2.37,20.16,3.49,0.52,0.24,0.56,0.71,1.52,0.31,0.27,114.82,2.85,117.67,0.5,-0.08,4.7,3.44,13.52,-3.19,1.35,1.08,0.06
PHX,0.549,-0.01,-0.05,0.09,0.21,0.39,0.42,0.25,-0.25,0.48,0.48,0.17,0.08,0.25,0.34,0.39,0.38,0.06,-0.17,-0.15,0,-0.35,0.33,0.33,-0.09,-0.37,-0.27,0.15,0.05,-0.32,-0.15,0.15,0.45,0.45,0.35,0.21,-0.13,0.13,-0.14,0.46,0.46,0.49,0.39,-0.14,0.25,0.14,0.46,0.47,394,380,99,205,46,122,26,35,30,0.3,0.14,-0.12,0.07,-0.22,-0.1,-0.24,-0.51,-0.48,-0.03,0.33,0.34,0.1,-0.03,-0.17,-0.37,0.45,0.46,-0.05,-0.26,-0.19,-0.26,-0.43,0.52,0.55,0.85,0.89,0.89,1.17,1,1.07,1.04,1.24,1.07,1.1,0.52,1.03,0.92,0.86,1.21,0.97,1.04,0.97,0.13,0.09,0.12,0.06,0.12,0.06,0.07,0.06,0.06,0.11,0.54,0.07,0.1,0.14,0.06,0.13,0.05,0.09,28.75,78.21,217.5,8.11,72.13,55.7,2.01,3.19,3.13,-0.32,0.89,0.87,1.07,1.07,1.1,6.5,3.07,1.82,38.19,11.48,5.72,0.19,0.39,-2.46,1.07,3.58,0,0.07,2.07,-0.14,0.71,-0.05,37.12,0.83,0,1.08,1.24,2.08,-4.41,2.77,0.38,0.46,,0.25,0.27,-0.49,0.88,0.15,0.39,0.35,0.08,1.78,0.08,6.1,11.97,2.75,0.26,0.21,0.12,0.84,0.9,-0.06,-0.12,114.03,1.42,115.45,-0.03,-0.09,4.81,3.3,17.09,1.59,1.05,1.5,-0.02
POR,0.402,0.45,0.03,0.5,-0.63,0.33,0.13,0.3,-0.26,0.47,0.47,0.23,0.18,0.34,-0.34,0.38,0.38,0.17,0.32,0.05,0.39,-0.38,0.32,0.33,0.51,0.34,0.05,0.17,-0.02,-0.38,0.03,-0.39,0.44,0.44,0.59,0.34,-0.1,0.54,-0.3,0.45,0.46,0.18,-0.05,-0.19,0.07,-0.64,0.44,0.45,397,383,68,145,73,194,23,31,30,0.57,0.31,-0.07,0.47,-0.26,0.39,0.39,-0.23,0.67,-0.76,0.35,0.35,0.53,0.29,0.51,-0.26,0.48,0.48,0.12,-0.03,-0.18,0.05,0.06,0.59,0.58,1.08,0.97,0.99,1.07,0.95,1.03,1.04,1.26,1.09,1.15,0.53,1,0.93,0.93,1.12,1,1.1,1.07,0.11,0.1,0.13,0.11,0.14,0.06,0.06,0.05,0.08,0.12,0.58,0.11,0.11,0.14,0.07,0.15,0.06,0.09,24.73,78.22,213.98,5.48,76.63,58.94,1.74,3.12,3.08,0.1,0.97,0.89,1.11,1.04,1.14,6.3,4.27,2.57,41.24,11.86,6.22,-0.68,0.08,-0.22,1.16,6.11,0,0.07,2.15,-0.17,0.67,-0.01,33.49,0.6,0.07,1.29,1.22,2.04,-6.79,2.77,0.32,-0.96,,-0.76,-0.47,-0.57,-3.28,-0.57,-0.53,0.12,0.03,-3.55,-0.62,-27.46,14.87,1.89,-0.63,-0.2,-0.06,0.7,-0.27,-0.04,-0.13,117.81,-2.7,115.11,-0.1,0.1,4.23,3.09,14.31,-1.2,0.66,1.4,-0.03
SAC,0.585,0,-0.33,-0.01,0.44,0.2,0.24,0.17,0.09,0.47,0.47,0.08,0.21,0.14,0.16,0.38,0.38,-0.02,-0.17,-0.55,-0.24,0.53,0.33,0.33,0.59,0.42,-0.07,0.48,0.3,-0.22,0.76,0.53,0.52,0.52,0.47,0.19,-0.32,0.42,0.26,0.48,0.48,0.39,0.11,-0.2,0.53,0.22,0.48,0.48,258,270,37,74,55,164,20,12,11,0.46,0.19,-0.29,0.37,0.25,-0.04,-0.26,-0.83,-0.38,1.08,0.35,0.34,0.48,0.18,0.64,0.31,0.52,0.51,0.1,0.13,-0.08,-0.04,-0.11,0.55,0.55,1.07,1.04,0.96,1.2,0.99,1.09,0.96,1.35,1.15,1.1,0.66,1,0.96,0.94,1.11,1.07,1.08,1.05,0.09,0.09,0.15,0.08,0.14,0.06,0.07,0.07,0.06,0.11,0.51,0.13,0.1,0.17,0.08,0.09,0.06,0.07,25.4,78.83,214.19,5.8,69.06,55.35,2.13,2.93,3.1,-0.26,1,0.89,1.16,1.07,1.1,7.32,3.91,2.54,39.1,7.04,5.94,-0.05,0.14,-0.58,1.34,9.34,0,0.01,2.24,0.15,0.46,0.02,40.78,0.65,0.07,0.76,1.31,2.01,7.19,2.71,0.35,0.54,,0.1,-0.64,-0.76,0.79,-0.14,0.23,0.4,-0.58,3.6,0.89,7.39,38.58,4.41,0.5,0.44,0.87,1.15,2.82,1.03,0.46,117.11,2.28,119.39,-0.12,0.28,4.47,3.74,15.56,0.58,0.59,1.34,0.04
SAS,0.268,-0.53,-0.57,-0.4,0.1,-0.03,-0.01,-0.13,-0.5,0.45,0.46,-0.2,-0.26,-0.21,-0.13,0.36,0.37,-0.01,-0.28,-0.56,-0.24,-0.31,0.3,0.32,0.38,0.21,-0.11,0.16,0.19,-0.14,-0.1,-0.06,0.44,0.44,-0.01,-0.14,-0.16,-0.18,-0.25,0.45,0.45,0.09,0,-0.18,-0.16,-0.04,0.45,0.45,323,344,72,158,48,139,26,24,23,0.01,-0.14,-0.18,-0.18,-0.28,-0.18,-0.55,-0.89,-0.64,-0.13,0.3,0.34,0.05,-0.13,-0.18,-0.29,0.48,0.48,0.09,-0.09,-0.4,-0.11,-0.38,0.55,0.56,0.91,0.73,0.86,1.05,0.99,1,0.94,1.26,1.21,1.07,0.41,1.01,0.99,0.95,1.19,1.02,1.16,1.04,0.08,0.13,0.13,0.07,0.14,0.06,0.08,0.07,0.08,0.13,0.62,0.1,0.08,0.12,0.05,0.16,0.05,0.07,23.58,77.8,214.58,3.85,72.88,56.82,1.71,2.88,2.62,-0.09,0.91,0.84,1.15,1,1.09,7.37,4.11,2.46,41.63,7.76,6.11,-0.53,0.19,-0.77,1.11,9.44,0,-0.05,2.02,0.26,0.64,0.06,45.74,0.82,-0.11,0.51,1.21,1.95,-3.91,2.62,0.34,-1.58,,-0.66,-0.64,-0.93,-2.78,-0.9,-1.27,-0.9,-0.56,-6.37,-1.81,-17.72,-13.34,1.1,-1.27,-0.92,-0.63,0.03,-3.59,-0.91,-0.14,118.86,-6.84,112.03,-0.7,0.12,3.83,3.4,17.33,2.3,0.62,1.14,-0.09
TOR,0.5,-0.43,-0.11,-0.53,0.03,-0.21,-0.35,-0.49,0.13,0.47,0.47,-0.24,-0.38,-0.4,0.19,0.35,0.37,-0.16,-0.32,-0.14,-0.82,-0.63,0.28,0.31,-0.31,-0.34,0.09,-0.18,-0.32,-0.3,-0.6,-0.02,0.39,0.39,-0.39,-0.39,0.08,-0.73,-0.03,0.44,0.44,-0.15,-0.16,0,-0.57,0.38,0.43,0.44,230,254,41,104,44,122,19,11,11,-0.37,-0.36,0.09,-0.7,0.05,-0.21,-0.32,-0.2,-0.47,-0.28,0.31,0.34,-0.33,-0.3,-0.77,0.13,0.45,0.46,-0.02,0.08,0.09,-0.29,0.3,0.57,0.57,0.94,0.85,0.87,1.02,0.94,1,0.91,1.26,1.13,1.14,0.58,0.85,0.94,0.91,1.16,0.82,1.04,0.95,0.08,0.11,0.12,0.07,0.1,0.05,0.07,0.05,0.05,0.11,0.46,0.15,0.13,0.19,0.09,0.18,0.08,0.13,26.13,78.92,217.28,5.83,78.87,58.73,2.91,3.07,3.01,-0.04,0.91,0.84,1.1,1.01,1.13,6.83,4.16,2.73,40.93,11.17,6.15,-0.28,0.18,-1.35,1.37,3.71,0,0.01,2.04,-0.08,0.39,0.01,51.63,1.23,-0.14,1.24,1.29,2.76,0.55,3.64,0.53,1,,0.8,0.46,-0.44,3.73,0.17,0.37,-0.06,-0.51,4.73,0.08,36.21,23.13,4.77,0.92,0.2,-0.09,0.38,1,-0.09,-0.18,115.18,0.35,115.53,-0.69,-0.56,3.61,3.22,14.39,-2.01,0.95,1.32,-0.11
UTA,0.451,0.05,-0.2,-0.05,-0.3,0.22,0.2,0.1,0.02,0.47,0.47,0.05,0.13,-0.01,-0.44,0.36,0.37,-0.19,-0.29,-0.46,-0.72,0.02,0.29,0.32,0.08,-0.01,0.04,0.15,0.04,-0.16,0.03,0.19,0.47,0.47,0.11,-0.05,-0.18,-0.11,0.11,0.46,0.46,0.11,-0.11,-0.27,0.01,0.05,0.46,0.46,732,724,121,227,130,402,46,64,61,0.15,-0.03,-0.18,-0.06,0.08,0.07,-0.07,-0.38,-0.12,-0.11,0.34,0.34,0.04,-0.13,-0.15,0.06,0.48,0.48,0.2,0.04,-0.24,0.06,0.05,0.57,0.57,1.04,1.04,0.89,1.18,0.87,1.04,1.01,1.27,1.13,1.1,0.51,1.01,1.02,0.93,1.12,1.03,1.02,0.87,0.1,0.11,0.17,0.05,0.16,0.07,0.06,0.07,0.08,0.13,0.55,0.08,0.08,0.11,0.07,0.1,0.05,0.06,26.24,79.8,225.2,5.79,74.7,59.31,2.47,3.13,3.25,-0.18,0.98,0.85,1.08,1.03,1.12,7.99,4.1,2.89,39.8,10.25,6.24,0.1,0.73,-4.78,1.07,11.15,0,-0.01,2.62,0.01,1.26,-0.02,51.84,1.05,0.12,0.97,1.21,1.79,-2.73,2.31,0.27,-0.64,,-0.55,-0.36,-0.77,-2.57,-0.36,-0.4,0.02,0.32,-2.56,-0.22,-16.55,15.56,2.19,-0.53,-0.09,-0.04,0.79,0.02,0.14,0.13,116.23,-0.31,115.91,0.45,0.62,4.06,3.03,15.54,-0.07,0.68,1.45,0.07
WAS,0.427,-0.28,-0.15,-0.13,-0.23,0.11,-0.05,0.01,-0.04,0.48,0.48,0,-0.2,0.01,-0.36,0.36,0.37,0,-0.25,-0.29,-0.05,-1.06,0.29,0.32,0.36,0.22,-0.07,0.08,-0.04,-0.19,-0.24,0.13,0.44,0.44,0.12,-0.07,-0.13,-0.05,-0.05,0.46,0.46,0.07,-0.08,-0.14,-0.13,0.23,0.46,0.46,357,379,85,184,43,127,39,34,29,0.16,-0.05,-0.14,-0.01,0.02,-0.06,-0.26,-0.43,-0.27,-0.28,0.32,0.34,0.14,-0.04,-0.05,0.05,0.49,0.48,0.19,0.03,-0.35,0.13,0.33,0.61,0.59,0.98,0.93,0.89,1.19,1.02,1.02,0.94,1.35,1.23,1.15,0.58,0.84,0.94,0.89,1.07,1,1.07,0.87,0.13,0.12,0.15,0.07,0.12,0.06,0.1,0.05,0.07,0.11,0.52,0.1,0.09,0.14,0.07,0.08,0.05,0.06,26.2,79.29,213.24,5.51,74.32,54.88,1.72,2.9,3.02,-0.04,0.95,0.87,1.13,1.03,1.17,7.02,3.67,2.43,40.17,10.14,6.42,-0.02,0.6,-3.79,1.16,7.64,0,-0.02,2.18,-0.09,0.66,0.09,52.22,0.87,0.02,1.03,1.23,1.95,-6.48,2.61,0.42,-0.23,,0.07,-0.23,-0.4,0.16,-0.02,-0.13,0.3,-0.16,-1.47,-0.05,1.03,-8.63,2.32,-0.11,-0.31,0.1,0.7,-1.64,-0.03,0.55,116.23,-0.4,115.83,0.39,0.28,4.06,3.41,15.36,-0.48,0.92,1.44,0.03
